{"accuracy": [0.6029589772224426, 0.8541575074195862, 0.9117575883865356, 0.9404082894325256, 0.9541788101196289, 0.9643360376358032, 0.9711217284202576, 0.9768404364585876, 0.9791450500488281, 0.9821751117706299], "loss": [1.3367937803268433, 0.46431952714920044, 0.2718018591403961, 0.18360671401023865, 0.14012689888477325, 0.10824983566999435, 0.08748050034046173, 0.07098041474819183, 0.06615611910820007, 0.05617260932922363], "val_accuracy": [0.8493626117706299, 0.8582403659820557, 0.9326769709587097, 0.9364898800849915, 0.9517413973808289, 0.9593102931976318, 0.9549282789230347, 0.9486114382743835, 0.9642613530158997, 0.9659686088562012], "val_loss": [0.4958142638206482, 0.4403110444545746, 0.2036171555519104, 0.20626865327358246, 0.16619421541690826, 0.13348934054374695, 0.15113691985607147, 0.1861206442117691, 0.12477266043424606, 0.12361031770706177]}